,device_sn,when_captured
0,Solarcast #30000,2020-04-17 14:55:22+00:00
1,Solarcast #30000,2020-04-17 15:29:47+00:00
2,Solarcast #30000,2020-04-17 16:39:11+00:00
3,Solarcast #30000,2020-04-17 17:38:13+00:00
4,Solarcast #30000,2020-04-17 18:07:07+00:00
5,Solarcast #30000,2020-04-17 18:56:11+00:00
6,Solarcast #30000,2020-04-17 19:24:28+00:00
7,Solarcast #30000,2020-04-17 20:27:10+00:00
8,Solarcast #30000,2020-04-17 21:29:47+00:00
9,Solarcast #30000,2020-04-17 22:23:24+00:00
10,Solarcast #30000,2020-04-17 22:58:01+00:00
11,Solarcast #30000,2020-04-18 00:02:15+00:00
12,Solarcast #30000,2020-04-18 01:08:14+00:00
13,Solarcast #30000,2020-04-18 01:54:36+00:00
14,Solarcast #30000,2020-04-18 02:47:12+00:00
15,Solarcast #30000,2020-04-18 03:27:07+00:00
16,Solarcast #30000,2020-04-18 04:38:51+00:00
17,Solarcast #30000,2020-04-18 05:48:52+00:00
18,Solarcast #30000,2020-04-18 06:46:48+00:00
19,Solarcast #30000,2020-04-18 08:01:20+00:00
20,Solarcast #30000,2020-04-18 09:01:48+00:00
21,Solarcast #30000,2020-04-18 09:43:13+00:00
22,Solarcast #30000,2020-04-18 10:04:14+00:00
23,Solarcast #30000,2020-04-18 11:04:25+00:00
24,Solarcast #30000,2020-04-18 12:28:01+00:00
25,Solarcast #30000,2020-04-18 13:19:00+00:00
26,Solarcast #30000,2020-04-18 14:31:21+00:00
27,Solarcast #30000,2020-04-18 15:37:06+00:00
28,Solarcast #30000,2020-04-18 16:14:24+00:00
29,Solarcast #30000,2020-04-18 17:24:24+00:00
30,Solarcast #30000,2020-04-18 18:29:46+00:00
31,Solarcast #30000,2020-04-18 19:44:47+00:00
32,Solarcast #30000,2020-04-18 20:41:54+00:00
33,Solarcast #30000,2020-04-18 21:51:23+00:00
34,Solarcast #30000,2020-04-18 22:39:26+00:00
228,Solarcast #30001,2020-04-01 12:59:00+00:00
235,Solarcast #30001,2020-04-01 14:20:48+00:00
244,Solarcast #30001,2020-04-01 16:19:00+00:00
250,Solarcast #30001,2020-04-01 17:39:41+00:00
258,Solarcast #30001,2020-04-01 19:20:27+00:00
265,Solarcast #30001,2020-04-01 20:54:38+00:00
275,Solarcast #30001,2020-04-01 22:22:21+00:00
283,Solarcast #30001,2020-04-02 00:26:32+00:00
1806,Solarcast #30001,2020-04-14 02:09:53+00:00
1814,Solarcast #30001,2020-04-14 03:07:01+00:00
1826,Solarcast #30001,2020-04-14 04:55:13+00:00
1836,Solarcast #30001,2020-04-14 06:28:34+00:00
1854,Solarcast #30001,2020-04-14 09:15:39+00:00
1864,Solarcast #30001,2020-04-14 10:49:13+00:00
1877,Solarcast #30001,2020-04-14 12:42:13+00:00
1879,Solarcast #30001,2020-04-14 13:20:40+00:00
1880,Solarcast #30001,2020-04-14 14:04:24+00:00
1883,Solarcast #30001,2020-04-14 14:32:06+00:00
1886,Solarcast #30001,2020-04-14 14:58:39+00:00
3376,Solarcast #30002,2020-04-06 07:29:39+00:00
3382,Solarcast #30002,2020-04-06 08:39:39+00:00
3385,Solarcast #30002,2020-04-06 09:53:04+00:00
3386,Solarcast #30002,2020-04-06 10:20:07+00:00
3387,Solarcast #30002,2020-04-06 11:35:07+00:00
3388,Solarcast #30002,2020-04-06 11:35:08+00:00
3389,Solarcast #30002,2020-04-06 12:50:07+00:00
3390,Solarcast #30002,2020-04-06 14:05:07+00:00
3391,Solarcast #30002,2020-04-06 15:20:07+00:00
3392,Solarcast #30002,2020-04-06 16:35:07+00:00
3393,Solarcast #30002,2020-04-06 17:50:10+00:00
3394,Solarcast #30002,2020-04-06 19:05:07+00:00
3406,Solarcast #30002,2020-04-06 21:39:37+00:00
3413,Solarcast #30002,2020-04-06 23:19:13+00:00
3419,Solarcast #30002,2020-04-07 01:05:53+00:00
3420,Solarcast #30002,2020-04-07 01:35:07+00:00
3428,Solarcast #30002,2020-04-07 05:05:09+00:00
3437,Solarcast #30002,2020-04-07 07:25:08+00:00
3439,Solarcast #30002,2020-04-07 08:38:00+00:00
3452,Solarcast #30002,2020-04-07 10:35:37+00:00
3455,Solarcast #30002,2020-04-07 12:07:59+00:00
3458,Solarcast #30002,2020-04-07 13:39:38+00:00
3468,Solarcast #30002,2020-04-07 15:14:16+00:00
3476,Solarcast #30002,2020-04-07 17:04:35+00:00
4079,Solarcast #30002,2020-04-13 08:48:45+00:00
4085,Solarcast #30002,2020-04-13 10:01:57+00:00
4089,Solarcast #30002,2020-04-13 10:45:49+00:00
4094,Solarcast #30002,2020-04-13 11:46:47+00:00
4100,Solarcast #30002,2020-04-13 13:00:54+00:00
4105,Solarcast #30002,2020-04-13 14:10:14+00:00
5177,Solarcast #30003,2020-04-02 12:12:16+00:00
5184,Solarcast #30003,2020-04-02 13:23:25+00:00
5185,Solarcast #30003,2020-04-02 14:32:16+00:00
5186,Solarcast #30003,2020-04-02 14:32:39+00:00
5197,Solarcast #30003,2020-04-02 18:17:38+00:00
5208,Solarcast #30003,2020-04-02 22:02:39+00:00
5224,Solarcast #30003,2020-04-03 01:33:22+00:00
5230,Solarcast #30003,2020-04-03 03:06:20+00:00
5231,Solarcast #30003,2020-04-03 03:47:55+00:00
5233,Solarcast #30003,2020-04-03 04:02:39+00:00
5681,Solarcast #30003,2020-04-08 14:36:59+00:00
5692,Solarcast #30003,2020-04-08 18:21:59+00:00
5698,Solarcast #30003,2020-04-08 20:51:52+00:00
5704,Solarcast #30003,2020-04-08 23:21:59+00:00
5711,Solarcast #30003,2020-04-09 01:36:59+00:00
5713,Solarcast #30003,2020-04-09 01:47:53+00:00
5717,Solarcast #30003,2020-04-09 02:33:00+00:00
5721,Solarcast #30003,2020-04-09 03:30:17+00:00
5727,Solarcast #30003,2020-04-09 04:37:47+00:00
5730,Solarcast #30003,2020-04-09 05:17:52+00:00
5735,Solarcast #30003,2020-04-09 06:11:46+00:00
5741,Solarcast #30003,2020-04-09 07:36:12+00:00
5744,Solarcast #30003,2020-04-09 08:31:46+00:00
5745,Solarcast #30003,2020-04-09 09:06:54+00:00
5746,Solarcast #30003,2020-04-09 09:06:59+00:00
5757,Solarcast #30003,2020-04-09 12:51:59+00:00
5759,Solarcast #30003,2020-04-09 14:06:59+00:00
5762,Solarcast #30003,2020-04-09 14:34:47+00:00
5768,Solarcast #30003,2020-04-09 15:42:41+00:00
5773,Solarcast #30003,2020-04-09 16:47:42+00:00
5779,Solarcast #30003,2020-04-09 17:54:19+00:00
5783,Solarcast #30003,2020-04-09 18:41:57+00:00
5826,Solarcast #30003,2020-04-10 04:57:40+00:00
5827,Solarcast #30003,2020-04-10 05:41:59+00:00
5828,Solarcast #30003,2020-04-10 06:06:59+00:00
5829,Solarcast #30003,2020-04-10 07:21:59+00:00
5835,Solarcast #30003,2020-04-10 09:51:59+00:00
5836,Solarcast #30003,2020-04-10 11:06:59+00:00
5837,Solarcast #30003,2020-04-10 12:21:59+00:00
5953,Solarcast #30003,2020-04-12 14:57:07+00:00
5958,Solarcast #30003,2020-04-12 15:55:15+00:00
5966,Solarcast #30003,2020-04-13 03:10:14+00:00
5967,Solarcast #30003,2020-04-13 03:10:16+00:00
5976,Solarcast #30003,2020-04-13 13:54:50+00:00
5982,Solarcast #30003,2020-04-13 15:10:55+00:00
5989,Solarcast #30003,2020-04-13 16:40:13+00:00
5996,Solarcast #30003,2020-04-13 18:08:43+00:00
6002,Solarcast #30003,2020-04-13 19:19:24+00:00
6008,Solarcast #30003,2020-04-13 20:30:47+00:00
6033,Solarcast #30003,2020-04-14 02:25:13+00:00
6041,Solarcast #30003,2020-04-14 03:58:42+00:00
6047,Solarcast #30003,2020-04-14 05:27:13+00:00
6055,Solarcast #30003,2020-04-14 07:05:49+00:00
6061,Solarcast #30003,2020-04-14 08:19:13+00:00
6068,Solarcast #30003,2020-04-14 09:54:36+00:00
6071,Solarcast #30003,2020-04-14 11:27:13+00:00
6072,Solarcast #30003,2020-04-14 11:33:10+00:00
6073,Solarcast #30003,2020-04-14 12:43:10+00:00
6075,Solarcast #30003,2020-04-14 13:43:37+00:00
6077,Solarcast #30003,2020-04-14 13:54:52+00:00
6084,Solarcast #30003,2020-04-14 15:13:33+00:00
6090,Solarcast #30003,2020-04-14 16:34:26+00:00
6098,Solarcast #30003,2020-04-14 18:19:11+00:00
6106,Solarcast #30003,2020-04-14 20:01:05+00:00
6112,Solarcast #30003,2020-04-14 21:20:39+00:00
6119,Solarcast #30003,2020-04-14 22:54:39+00:00
6128,Solarcast #30003,2020-04-15 00:44:51+00:00
6135,Solarcast #30003,2020-04-15 02:01:05+00:00
6744,Solarcast #30006,2020-04-01 02:06:40+00:00
6748,Solarcast #30006,2020-04-01 03:55:39+00:00
6749,Solarcast #30006,2020-04-01 04:01:40+00:00
6811,Solarcast #30006,2020-04-02 03:46:40+00:00
6812,Solarcast #30006,2020-04-02 05:01:40+00:00
6813,Solarcast #30006,2020-04-02 06:16:51+00:00
6815,Solarcast #30006,2020-04-02 07:16:40+00:00
6937,Solarcast #30006,2020-04-04 17:01:41+00:00
6938,Solarcast #30006,2020-04-04 21:46:42+00:00
6939,Solarcast #30006,2020-04-05 02:46:43+00:00
6940,Solarcast #30006,2020-04-05 04:01:41+00:00
6985,Solarcast #30006,2020-04-05 20:01:42+00:00
6987,Solarcast #30006,2020-04-05 21:01:41+00:00
6994,Solarcast #30006,2020-04-05 22:27:21+00:00
6995,Solarcast #30006,2020-04-05 23:42:21+00:00
6996,Solarcast #30006,2020-04-06 00:58:58+00:00
7005,Solarcast #30006,2020-04-06 02:56:04+00:00
7013,Solarcast #30006,2020-04-06 04:42:20+00:00
7019,Solarcast #30006,2020-04-06 05:58:58+00:00
7026,Solarcast #30006,2020-04-06 07:24:10+00:00
7067,Solarcast #30006,2020-04-06 17:14:20+00:00
7074,Solarcast #30006,2020-04-06 18:41:49+00:00
7119,Solarcast #30006,2020-04-07 11:01:46+00:00
7120,Solarcast #30006,2020-04-07 12:16:42+00:00
7135,Solarcast #30006,2020-04-07 17:05:49+00:00
7141,Solarcast #30006,2020-04-07 23:36:56+00:00
7142,Solarcast #30006,2020-04-08 00:52:08+00:00
7143,Solarcast #30006,2020-04-08 02:07:04+00:00
7144,Solarcast #30006,2020-04-08 03:22:14+00:00
7148,Solarcast #30006,2020-04-08 04:37:04+00:00
7241,Solarcast #30006,2020-04-10 09:36:56+00:00
7263,Solarcast #30006,2020-04-10 14:39:17+00:00
7270,Solarcast #30006,2020-04-10 16:12:01+00:00
7275,Solarcast #30006,2020-04-10 17:48:47+00:00
7278,Solarcast #30006,2020-04-10 19:01:54+00:00
7284,Solarcast #30006,2020-04-10 20:08:48+00:00
7288,Solarcast #30006,2020-04-10 21:19:11+00:00
7290,Solarcast #30006,2020-04-10 22:20:34+00:00
7291,Solarcast #30006,2020-04-10 23:38:48+00:00
7292,Solarcast #30006,2020-04-11 01:17:14+00:00
7293,Solarcast #30006,2020-04-11 03:05:31+00:00
7294,Solarcast #30006,2020-04-11 04:51:04+00:00
7295,Solarcast #30006,2020-04-11 06:11:45+00:00
7296,Solarcast #30006,2020-04-11 06:37:06+00:00
7297,Solarcast #30006,2020-04-11 07:20:17+00:00
7299,Solarcast #30006,2020-04-11 07:52:09+00:00
7302,Solarcast #30006,2020-04-11 08:30:15+00:00
7308,Solarcast #30006,2020-04-11 09:41:44+00:00
7314,Solarcast #30006,2020-04-11 10:50:15+00:00
7323,Solarcast #30006,2020-04-11 15:16:03+00:00
7340,Solarcast #30006,2020-04-11 22:22:06+00:00
7345,Solarcast #30006,2020-04-11 23:11:47+00:00
7350,Solarcast #30006,2020-04-12 00:19:36+00:00
7354,Solarcast #30006,2020-04-12 01:20:15+00:00
7355,Solarcast #30006,2020-04-12 02:07:05+00:00
7356,Solarcast #30006,2020-04-12 03:22:09+00:00
7408,Solarcast #30006,2020-04-13 00:06:56+00:00
7409,Solarcast #30006,2020-04-13 01:11:36+00:00
7410,Solarcast #30006,2020-04-13 03:10:18+00:00
7411,Solarcast #30006,2020-04-13 03:11:07+00:00
7491,Solarcast #30006,2020-04-15 06:10:12+00:00
7492,Solarcast #30006,2020-04-15 07:25:53+00:00
7493,Solarcast #30006,2020-04-15 08:56:59+00:00
7494,Solarcast #30006,2020-04-15 09:56:50+00:00
7519,Solarcast #30006,2020-04-15 15:49:23+00:00
7527,Solarcast #30006,2020-04-15 17:24:35+00:00
7533,Solarcast #30006,2020-04-15 18:39:34+00:00
7538,Solarcast #30006,2020-04-15 19:47:00+00:00
7543,Solarcast #30006,2020-04-15 20:46:05+00:00
7550,Solarcast #30006,2020-04-15 22:14:38+00:00
7553,Solarcast #30006,2020-04-15 23:19:17+00:00
7554,Solarcast #30006,2020-04-16 06:08:36+00:00
7555,Solarcast #30006,2020-04-16 07:29:49+00:00
7556,Solarcast #30006,2020-04-16 08:42:03+00:00
7560,Solarcast #30006,2020-04-16 10:30:38+00:00
7566,Solarcast #30006,2020-04-16 11:34:35+00:00
7574,Solarcast #30006,2020-04-16 19:34:08+00:00
7576,Solarcast #30006,2020-04-17 00:13:05+00:00
7577,Solarcast #30006,2020-04-17 03:55:52+00:00
7578,Solarcast #30006,2020-04-17 05:19:08+00:00
7599,Solarcast #30006,2020-04-17 12:26:41+00:00
7600,Solarcast #30006,2020-04-17 13:30:29+00:00
7604,Solarcast #30006,2020-04-17 14:28:01+00:00
7607,Solarcast #30006,2020-04-17 15:06:26+00:00
7608,Solarcast #30006,2020-04-17 15:54:29+00:00
7609,Solarcast #30006,2020-04-17 16:57:14+00:00
7610,Solarcast #30006,2020-04-17 19:55:51+00:00
7611,Solarcast #30006,2020-04-17 22:30:27+00:00
7614,Solarcast #30006,2020-04-17 23:25:51+00:00
7618,Solarcast #30006,2020-04-18 00:13:01+00:00
7621,Solarcast #30006,2020-04-18 01:14:47+00:00
7836,Solarcast #30007,2020-04-01 01:24:52+00:00
7840,Solarcast #30007,2020-04-01 02:58:58+00:00
7841,Solarcast #30007,2020-04-01 03:24:35+00:00
7842,Solarcast #30007,2020-04-01 09:54:36+00:00
7844,Solarcast #30007,2020-04-01 11:41:11+00:00
8328,Solarcast #30007,2020-04-07 03:49:35+00:00
8338,Solarcast #30007,2020-04-07 05:24:18+00:00
8344,Solarcast #30007,2020-04-07 07:17:59+00:00
8367,Solarcast #30007,2020-04-07 14:04:16+00:00
8368,Solarcast #30007,2020-04-07 15:48:40+00:00
9608,Solarcast #30007,2020-04-20 20:47:04+00:00
9611,Solarcast #30007,2020-04-20 21:46:20+00:00
9617,Solarcast #30007,2020-04-20 23:06:12+00:00
9746,Solarcast #30012,2020-04-01 00:25:41+00:00
9748,Solarcast #30012,2020-04-01 02:45:02+00:00
9761,Solarcast #30012,2020-04-01 10:08:20+00:00
9762,Solarcast #30012,2020-04-01 11:38:58+00:00
9766,Solarcast #30012,2020-04-01 13:45:39+00:00
9772,Solarcast #30012,2020-04-01 15:29:41+00:00
9781,Solarcast #30012,2020-04-01 17:25:09+00:00
9784,Solarcast #30012,2020-04-01 18:50:29+00:00
9786,Solarcast #30012,2020-04-01 20:18:54+00:00
9787,Solarcast #30012,2020-04-01 21:55:40+00:00
9789,Solarcast #30012,2020-04-01 22:18:43+00:00
9817,Solarcast #30012,2020-04-02 20:16:00+00:00
9822,Solarcast #30012,2020-04-03 02:19:56+00:00
9843,Solarcast #30012,2020-04-03 15:50:04+00:00
9844,Solarcast #30012,2020-04-03 18:17:19+00:00
9845,Solarcast #30012,2020-04-03 20:26:16+00:00
9846,Solarcast #30012,2020-04-03 22:02:26+00:00
9849,Solarcast #30012,2020-04-04 02:18:42+00:00
9852,Solarcast #30012,2020-04-04 06:00:03+00:00
9856,Solarcast #30012,2020-04-04 19:15:03+00:00
9862,Solarcast #30012,2020-04-05 02:28:26+00:00
9883,Solarcast #30012,2020-04-05 13:13:45+00:00
9884,Solarcast #30012,2020-04-05 13:16:01+00:00
9885,Solarcast #30012,2020-04-05 14:31:04+00:00
9907,Solarcast #30012,2020-04-06 07:29:39+00:00
9908,Solarcast #30012,2020-04-06 07:32:28+00:00
9910,Solarcast #30012,2020-04-06 11:46:53+00:00
9912,Solarcast #30012,2020-04-06 12:58:04+00:00
9913,Solarcast #30012,2020-04-06 13:48:37+00:00
9914,Solarcast #30012,2020-04-06 15:01:06+00:00
9916,Solarcast #30012,2020-04-06 19:21:11+00:00
9933,Solarcast #30012,2020-04-07 08:17:25+00:00
9935,Solarcast #30012,2020-04-07 12:02:25+00:00
9942,Solarcast #30012,2020-04-07 22:05:04+00:00
9943,Solarcast #30012,2020-04-08 00:32:25+00:00
9944,Solarcast #30012,2020-04-08 03:01:09+00:00
9985,Solarcast #30012,2020-04-08 23:35:06+00:00
9990,Solarcast #30012,2020-04-09 04:14:18+00:00
10009,Solarcast #30012,2020-04-09 15:06:40+00:00
10010,Solarcast #30012,2020-04-09 17:33:57+00:00
10043,Solarcast #30012,2020-04-10 18:20:24+00:00
10044,Solarcast #30012,2020-04-10 20:38:26+00:00
10058,Solarcast #30012,2020-04-11 08:49:05+00:00
10059,Solarcast #30012,2020-04-11 11:20:24+00:00
10060,Solarcast #30012,2020-04-11 16:23:13+00:00
10061,Solarcast #30012,2020-04-11 17:34:10+00:00
10083,Solarcast #30012,2020-04-12 05:21:59+00:00
10085,Solarcast #30012,2020-04-12 08:49:05+00:00
10096,Solarcast #30012,2020-04-12 14:46:15+00:00
10099,Solarcast #30012,2020-04-12 15:52:00+00:00
10100,Solarcast #30012,2020-04-12 15:52:01+00:00
10192,Solarcast #30012,2020-04-14 07:23:44+00:00
10193,Solarcast #30012,2020-04-14 09:32:06+00:00
10195,Solarcast #30012,2020-04-14 11:36:44+00:00
10198,Solarcast #30012,2020-04-14 22:40:12+00:00
10231,Solarcast #30012,2020-04-16 04:34:42+00:00
10268,Solarcast #30012,2020-04-17 02:57:15+00:00
10269,Solarcast #30012,2020-04-17 10:49:09+00:00
10271,Solarcast #30012,2020-04-17 12:49:06+00:00
10274,Solarcast #30012,2020-04-17 15:34:10+00:00
10275,Solarcast #30012,2020-04-17 18:58:53+00:00
10279,Solarcast #30012,2020-04-18 01:04:07+00:00
10286,Solarcast #30012,2020-04-18 05:53:25+00:00
10294,Solarcast #30012,2020-04-18 17:46:46+00:00
10295,Solarcast #30012,2020-04-19 00:28:10+00:00
10307,Solarcast #30012,2020-04-19 05:08:42+00:00
10308,Solarcast #30012,2020-04-19 11:28:07+00:00
10310,Solarcast #30012,2020-04-19 15:01:15+00:00
10313,Solarcast #30012,2020-04-19 16:08:44+00:00
10315,Solarcast #30012,2020-04-19 20:30:37+00:00
10316,Solarcast #30012,2020-04-19 21:42:35+00:00
10317,Solarcast #30012,2020-04-19 23:44:44+00:00
10620,Solarcast #30013,2020-04-02 18:59:46+00:00
10626,Solarcast #30013,2020-04-02 20:22:14+00:00
10632,Solarcast #30013,2020-04-02 21:32:06+00:00
10638,Solarcast #30013,2020-04-02 22:47:55+00:00
10642,Solarcast #30013,2020-04-03 00:44:03+00:00
10643,Solarcast #30013,2020-04-03 01:59:02+00:00
10644,Solarcast #30013,2020-04-03 03:14:30+00:00
10645,Solarcast #30013,2020-04-03 04:29:03+00:00
10646,Solarcast #30013,2020-04-03 05:44:02+00:00
10648,Solarcast #30013,2020-04-03 06:44:30+00:00
10714,Solarcast #30013,2020-04-03 22:56:33+00:00
10719,Solarcast #30013,2020-04-03 23:48:01+00:00
10721,Solarcast #30013,2020-04-04 00:07:54+00:00
10726,Solarcast #30013,2020-04-04 01:01:46+00:00
10728,Solarcast #30013,2020-04-04 02:00:34+00:00
10729,Solarcast #30013,2020-04-04 02:29:02+00:00
10735,Solarcast #30013,2020-04-04 05:00:21+00:00
10747,Solarcast #30013,2020-04-04 07:37:54+00:00
10752,Solarcast #30013,2020-04-04 08:36:14+00:00
10758,Solarcast #30013,2020-04-04 09:57:54+00:00
10765,Solarcast #30013,2020-04-04 11:28:40+00:00
10773,Solarcast #30013,2020-04-04 13:00:35+00:00
10776,Solarcast #30013,2020-04-04 13:48:40+00:00
10777,Solarcast #30013,2020-04-04 14:44:03+00:00
10788,Solarcast #30013,2020-04-04 18:29:02+00:00
10790,Solarcast #30013,2020-04-04 19:29:33+00:00
10793,Solarcast #30013,2020-04-04 19:49:47+00:00
10798,Solarcast #30013,2020-04-04 20:57:53+00:00
10804,Solarcast #30013,2020-04-04 22:07:53+00:00
11216,Solarcast #30013,2020-04-09 20:56:45+00:00
11222,Solarcast #30013,2020-04-09 22:11:45+00:00
11223,Solarcast #30013,2020-04-09 22:11:46+00:00
11229,Solarcast #30013,2020-04-09 23:22:00+00:00
11235,Solarcast #30013,2020-04-10 00:32:00+00:00
11241,Solarcast #30013,2020-04-10 02:51:59+00:00
11242,Solarcast #30013,2020-04-10 02:57:49+00:00
11280,Solarcast #30013,2020-04-10 16:59:28+00:00
11287,Solarcast #30013,2020-04-10 19:12:25+00:00
11289,Solarcast #30013,2020-04-10 19:36:49+00:00
11294,Solarcast #30013,2020-04-10 20:37:14+00:00
11305,Solarcast #30013,2020-04-10 23:01:10+00:00
11312,Solarcast #30013,2020-04-11 00:36:50+00:00
11319,Solarcast #30013,2020-04-11 02:08:45+00:00
11322,Solarcast #30013,2020-04-11 02:31:04+00:00
11386,Solarcast #30013,2020-04-12 03:14:28+00:00
11402,Solarcast #30013,2020-04-12 07:05:57+00:00
11409,Solarcast #30013,2020-04-12 08:13:02+00:00
11414,Solarcast #30013,2020-04-12 09:14:03+00:00
11910,Solarcast #30013,2020-04-17 12:45:27+00:00
12433,Solarcast #30014,2020-04-01 02:34:39+00:00
12434,Solarcast #30014,2020-04-01 04:18:17+00:00
12435,Solarcast #30014,2020-04-01 05:58:20+00:00
12436,Solarcast #30014,2020-04-01 07:15:35+00:00
12437,Solarcast #30014,2020-04-01 08:21:40+00:00
12445,Solarcast #30014,2020-04-01 19:49:00+00:00
12446,Solarcast #30014,2020-04-01 19:49:01+00:00
12447,Solarcast #30014,2020-04-01 21:20:47+00:00
12448,Solarcast #30014,2020-04-01 22:46:50+00:00
12456,Solarcast #30014,2020-04-02 00:26:27+00:00
12524,Solarcast #30014,2020-04-02 23:44:23+00:00
12526,Solarcast #30014,2020-04-02 23:48:50+00:00
12527,Solarcast #30014,2020-04-03 00:46:21+00:00
12528,Solarcast #30014,2020-04-03 02:09:53+00:00
12578,Solarcast #30014,2020-04-03 15:00:35+00:00
12579,Solarcast #30014,2020-04-03 15:42:55+00:00
12583,Solarcast #30014,2020-04-03 16:29:56+00:00
12588,Solarcast #30014,2020-04-03 17:33:21+00:00
12592,Solarcast #30014,2020-04-03 18:17:54+00:00
12593,Solarcast #30014,2020-04-03 19:16:25+00:00
12602,Solarcast #30014,2020-04-03 21:47:54+00:00
12611,Solarcast #30014,2020-04-04 01:18:11+00:00
12619,Solarcast #30014,2020-04-04 02:27:29+00:00
12633,Solarcast #30014,2020-04-04 04:36:17+00:00
12635,Solarcast #30014,2020-04-04 05:53:22+00:00
12662,Solarcast #30014,2020-04-04 15:57:51+00:00
12682,Solarcast #30014,2020-04-04 23:03:01+00:00
12719,Solarcast #30014,2020-04-05 11:12:51+00:00
12775,Solarcast #30014,2020-04-06 09:27:51+00:00
12884,Solarcast #30014,2020-04-07 09:12:58+00:00
12908,Solarcast #30014,2020-04-07 20:31:50+00:00
12911,Solarcast #30014,2020-04-07 21:41:51+00:00
12956,Solarcast #30014,2020-04-08 06:49:51+00:00
12957,Solarcast #30014,2020-04-08 08:05:32+00:00
12978,Solarcast #30014,2020-04-08 16:01:55+00:00
12979,Solarcast #30014,2020-04-08 17:16:52+00:00
12980,Solarcast #30014,2020-04-08 19:42:03+00:00
12981,Solarcast #30014,2020-04-08 20:51:59+00:00
13014,Solarcast #30014,2020-04-09 17:32:07+00:00
13015,Solarcast #30014,2020-04-09 18:46:56+00:00
13016,Solarcast #30014,2020-04-09 20:02:03+00:00
13017,Solarcast #30014,2020-04-09 21:16:49+00:00
13020,Solarcast #30014,2020-04-09 22:32:04+00:00
13046,Solarcast #30014,2020-04-10 08:16:56+00:00
13047,Solarcast #30014,2020-04-10 09:31:56+00:00
13048,Solarcast #30014,2020-04-10 10:46:56+00:00
13049,Solarcast #30014,2020-04-10 12:01:56+00:00
13050,Solarcast #30014,2020-04-10 13:17:06+00:00
13051,Solarcast #30014,2020-04-10 14:31:55+00:00
13102,Solarcast #30014,2020-04-11 04:20:31+00:00
13103,Solarcast #30014,2020-04-11 05:53:45+00:00
13109,Solarcast #30014,2020-04-11 09:28:08+00:00
13111,Solarcast #30014,2020-04-11 10:31:26+00:00
13112,Solarcast #30014,2020-04-11 11:55:08+00:00
13113,Solarcast #30014,2020-04-11 12:01:58+00:00
13114,Solarcast #30014,2020-04-11 13:13:02+00:00
13115,Solarcast #30014,2020-04-11 13:13:03+00:00
13116,Solarcast #30014,2020-04-11 13:17:00+00:00
13117,Solarcast #30014,2020-04-11 14:41:01+00:00
13124,Solarcast #30014,2020-04-11 15:55:15+00:00
13137,Solarcast #30014,2020-04-11 20:31:57+00:00
13138,Solarcast #30014,2020-04-11 21:41:57+00:00
13139,Solarcast #30014,2020-04-11 22:51:50+00:00
13140,Solarcast #30014,2020-04-12 00:01:57+00:00
13342,Solarcast #30014,2020-04-14 16:20:39+00:00
13359,Solarcast #30014,2020-04-15 02:53:53+00:00
13361,Solarcast #30014,2020-04-15 03:04:42+00:00
13368,Solarcast #30014,2020-04-15 04:40:54+00:00
13369,Solarcast #30014,2020-04-15 06:34:42+00:00
13370,Solarcast #30014,2020-04-15 07:19:50+00:00
13393,Solarcast #30014,2020-04-15 16:23:56+00:00
13435,Solarcast #30014,2020-04-16 03:38:23+00:00
13444,Solarcast #30014,2020-04-16 04:56:11+00:00
13932,Solarcast #30016,2020-04-13 20:27:09+00:00
14303,Solarcast #30017,2020-04-01 02:57:59+00:00
14388,Solarcast #30017,2020-04-01 18:52:20+00:00
14397,Solarcast #30017,2020-04-01 20:16:51+00:00
14410,Solarcast #30017,2020-04-01 22:13:33+00:00
14419,Solarcast #30017,2020-04-01 23:32:50+00:00
14430,Solarcast #30017,2020-04-02 01:08:07+00:00
14437,Solarcast #30017,2020-04-02 02:46:26+00:00
14445,Solarcast #30017,2020-04-02 04:30:02+00:00
14732,Solarcast #30017,2020-04-04 08:16:31+00:00
15072,Solarcast #30017,2020-04-08 07:22:09+00:00
15078,Solarcast #30017,2020-04-08 08:35:36+00:00
15085,Solarcast #30017,2020-04-08 09:59:28+00:00
15090,Solarcast #30017,2020-04-08 11:06:56+00:00
15096,Solarcast #30017,2020-04-08 12:25:06+00:00
15103,Solarcast #30017,2020-04-08 13:46:57+00:00
15112,Solarcast #30017,2020-04-08 15:44:01+00:00
15118,Solarcast #30017,2020-04-08 17:07:28+00:00
15126,Solarcast #30017,2020-04-08 19:11:47+00:00
15127,Solarcast #30017,2020-04-08 20:26:47+00:00
15128,Solarcast #30017,2020-04-08 21:31:56+00:00
15129,Solarcast #30017,2020-04-08 22:41:48+00:00
15130,Solarcast #30017,2020-04-08 23:51:48+00:00
15131,Solarcast #30017,2020-04-09 01:01:55+00:00
15132,Solarcast #30017,2020-04-09 02:11:55+00:00
15133,Solarcast #30017,2020-04-09 03:21:55+00:00
15134,Solarcast #30017,2020-04-09 04:31:55+00:00
15331,Solarcast #30017,2020-04-11 10:56:48+00:00
15332,Solarcast #30017,2020-04-11 11:48:37+00:00
15479,Solarcast #30017,2020-04-13 03:10:15+00:00
15583,Solarcast #30017,2020-04-14 06:42:13+00:00
15590,Solarcast #30017,2020-04-14 08:06:56+00:00
15597,Solarcast #30017,2020-04-14 09:38:26+00:00
15604,Solarcast #30017,2020-04-14 11:14:21+00:00
15612,Solarcast #30017,2020-04-14 12:46:05+00:00
15620,Solarcast #30017,2020-04-14 14:34:12+00:00
15627,Solarcast #30017,2020-04-14 16:08:40+00:00
15636,Solarcast #30017,2020-04-14 17:49:27+00:00
15728,Solarcast #30017,2020-04-15 09:51:22+00:00
16314,Solarcast #30018,2020-04-01 12:15:39+00:00
16315,Solarcast #30018,2020-04-01 13:30:36+00:00
16321,Solarcast #30018,2020-04-01 18:30:36+00:00
16620,Solarcast #30018,2020-04-06 16:46:20+00:00
16634,Solarcast #30018,2020-04-06 20:06:50+00:00
16646,Solarcast #30018,2020-04-06 23:34:19+00:00
16647,Solarcast #30018,2020-04-07 01:08:01+00:00
16663,Solarcast #30018,2020-04-07 06:09:44+00:00
16674,Solarcast #30018,2020-04-07 09:39:43+00:00
16677,Solarcast #30018,2020-04-07 11:19:13+00:00
16684,Solarcast #30018,2020-04-07 12:51:50+00:00
16693,Solarcast #30018,2020-04-07 14:49:54+00:00
16701,Solarcast #30018,2020-04-07 16:36:50+00:00
16764,Solarcast #30018,2020-04-08 14:09:09+00:00
16834,Solarcast #30018,2020-04-10 00:59:14+00:00
16838,Solarcast #30018,2020-04-10 02:21:55+00:00
16839,Solarcast #30018,2020-04-10 06:38:54+00:00
16875,Solarcast #30018,2020-04-10 21:21:47+00:00
16877,Solarcast #30018,2020-04-10 22:26:57+00:00
16881,Solarcast #30018,2020-04-10 23:41:47+00:00
16905,Solarcast #30018,2020-04-11 13:08:45+00:00
16906,Solarcast #30018,2020-04-11 14:34:38+00:00
16910,Solarcast #30018,2020-04-11 15:20:28+00:00
16934,Solarcast #30018,2020-04-12 00:08:57+00:00
16935,Solarcast #30018,2020-04-12 01:23:54+00:00
16951,Solarcast #30018,2020-04-12 06:57:40+00:00
16978,Solarcast #30018,2020-04-12 20:08:02+00:00
16979,Solarcast #30018,2020-04-12 21:10:55+00:00
16980,Solarcast #30018,2020-04-12 22:23:45+00:00
16982,Solarcast #30018,2020-04-12 23:25:14+00:00
17170,Solarcast #30018,2020-04-15 12:50:39+00:00
17180,Solarcast #30018,2020-04-15 15:10:40+00:00
17181,Solarcast #30018,2020-04-15 17:38:55+00:00
17239,Solarcast #30018,2020-04-16 15:56:37+00:00
17240,Solarcast #30018,2020-04-16 17:15:31+00:00
17241,Solarcast #30018,2020-04-16 18:28:22+00:00
17281,Solarcast #30018,2020-04-17 08:50:30+00:00
17285,Solarcast #30018,2020-04-17 09:34:30+00:00
17289,Solarcast #30018,2020-04-17 10:23:52+00:00
17740,Solarcast #30019,2020-04-01 09:18:59+00:00
17752,Solarcast #30019,2020-04-01 11:06:29+00:00
17762,Solarcast #30019,2020-04-01 12:49:01+00:00
17769,Solarcast #30019,2020-04-01 14:14:40+00:00
17770,Solarcast #30019,2020-04-01 14:14:41+00:00
17779,Solarcast #30019,2020-04-01 16:15:02+00:00
17788,Solarcast #30019,2020-04-01 18:01:49+00:00
17800,Solarcast #30019,2020-04-01 19:45:02+00:00
17809,Solarcast #30019,2020-04-01 21:03:29+00:00
17810,Solarcast #30019,2020-04-01 21:24:40+00:00
17811,Solarcast #30019,2020-04-01 22:03:13+00:00
17812,Solarcast #30019,2020-04-01 23:13:13+00:00
17813,Solarcast #30019,2020-04-02 00:23:13+00:00
17814,Solarcast #30019,2020-04-02 01:33:13+00:00
17822,Solarcast #30019,2020-04-02 03:53:13+00:00
17823,Solarcast #30019,2020-04-02 05:03:13+00:00
17824,Solarcast #30019,2020-04-02 06:13:12+00:00
17825,Solarcast #30019,2020-04-02 07:23:13+00:00
18032,Solarcast #30019,2020-04-04 03:23:12+00:00
18033,Solarcast #30019,2020-04-04 04:33:11+00:00
18076,Solarcast #30019,2020-04-04 13:53:16+00:00
18079,Solarcast #30019,2020-04-04 14:31:40+00:00
18119,Solarcast #30019,2020-04-04 21:57:26+00:00
18125,Solarcast #30019,2020-04-04 22:48:06+00:00
18132,Solarcast #30019,2020-04-04 23:43:14+00:00
18139,Solarcast #30019,2020-04-05 00:44:17+00:00
18141,Solarcast #30019,2020-04-05 00:59:41+00:00
18159,Solarcast #30019,2020-04-05 04:53:10+00:00
18266,Solarcast #30019,2020-04-06 03:08:08+00:00
18269,Solarcast #30019,2020-04-06 04:23:09+00:00
18563,Solarcast #30019,2020-04-09 09:25:19+00:00
18564,Solarcast #30019,2020-04-09 09:55:17+00:00
18610,Solarcast #30019,2020-04-09 23:19:42+00:00
18614,Solarcast #30019,2020-04-10 00:09:20+00:00
18622,Solarcast #30019,2020-04-10 01:40:16+00:00
18711,Solarcast #30019,2020-04-10 22:57:15+00:00
18718,Solarcast #30019,2020-04-11 00:34:15+00:00
18725,Solarcast #30019,2020-04-11 02:00:51+00:00
18728,Solarcast #30019,2020-04-11 02:27:14+00:00
18729,Solarcast #30019,2020-04-11 04:55:25+00:00
18735,Solarcast #30019,2020-04-11 07:25:25+00:00
18736,Solarcast #30019,2020-04-11 08:40:25+00:00
18995,Solarcast #30019,2020-04-14 11:15:44+00:00
19004,Solarcast #30019,2020-04-14 13:16:47+00:00
19012,Solarcast #30019,2020-04-14 14:56:29+00:00
19019,Solarcast #30019,2020-04-14 16:31:06+00:00
19026,Solarcast #30019,2020-04-14 17:54:28+00:00
19034,Solarcast #30019,2020-04-14 19:38:39+00:00
19040,Solarcast #30019,2020-04-14 21:04:19+00:00
19048,Solarcast #30019,2020-04-14 22:27:12+00:00
19056,Solarcast #30019,2020-04-15 00:20:39+00:00
19059,Solarcast #30019,2020-04-15 01:19:19+00:00
19060,Solarcast #30019,2020-04-15 01:53:59+00:00
19061,Solarcast #30019,2020-04-15 03:08:40+00:00
19062,Solarcast #30019,2020-04-15 04:23:52+00:00
19063,Solarcast #30019,2020-04-15 05:38:29+00:00
19064,Solarcast #30019,2020-04-15 06:53:11+00:00
19084,Solarcast #30019,2020-04-15 11:35:51+00:00
19091,Solarcast #30019,2020-04-15 12:57:08+00:00
19096,Solarcast #30019,2020-04-15 14:00:38+00:00
19102,Solarcast #30019,2020-04-15 15:14:39+00:00
19137,Solarcast #30019,2020-04-15 23:50:38+00:00
19495,Solarcast #30019,2020-04-20 11:51:55+00:00
19498,Solarcast #30019,2020-04-20 12:53:23+00:00
19730,Solarcast #30022,2020-04-01 20:39:15+00:00
19779,Solarcast #30022,2020-04-02 21:11:57+00:00
19782,Solarcast #30022,2020-04-03 00:42:17+00:00
19792,Solarcast #30022,2020-04-03 09:22:05+00:00
19839,Solarcast #30022,2020-04-05 05:55:50+00:00
19933,Solarcast #30022,2020-04-07 09:08:57+00:00
19953,Solarcast #30022,2020-04-07 17:29:20+00:00
20882,Solarcast #30023,2020-04-03 22:43:09+00:00
20889,Solarcast #30023,2020-04-03 23:47:38+00:00
20890,Solarcast #30023,2020-04-04 00:03:08+00:00
20892,Solarcast #30023,2020-04-04 00:58:30+00:00
20898,Solarcast #30023,2020-04-04 01:45:56+00:00
20906,Solarcast #30023,2020-04-04 02:52:54+00:00
21430,Solarcast #30023,2020-04-08 23:58:51+00:00
21431,Solarcast #30023,2020-04-09 01:08:46+00:00
21615,Solarcast #30023,2020-04-10 21:47:18+00:00
21627,Solarcast #30023,2020-04-10 23:21:50+00:00
21636,Solarcast #30023,2020-04-11 00:46:02+00:00
21644,Solarcast #30023,2020-04-11 01:58:09+00:00
21648,Solarcast #30023,2020-04-11 02:26:50+00:00
21818,Solarcast #30023,2020-04-13 03:10:16+00:00
21819,Solarcast #30023,2020-04-13 03:10:37+00:00
21820,Solarcast #30023,2020-04-13 03:11:28+00:00
21821,Solarcast #30023,2020-04-13 03:12:37+00:00
21822,Solarcast #30023,2020-04-13 03:13:37+00:00
21823,Solarcast #30023,2020-04-13 03:14:46+00:00
21828,Solarcast #30023,2020-04-13 04:17:05+00:00
21829,Solarcast #30023,2020-04-13 05:16:26+00:00
21830,Solarcast #30023,2020-04-13 06:31:26+00:00
21831,Solarcast #30023,2020-04-13 07:46:26+00:00
21832,Solarcast #30023,2020-04-13 09:01:26+00:00
21834,Solarcast #30023,2020-04-13 10:01:26+00:00
22144,Solarcast #30023,2020-04-16 09:56:11+00:00
22150,Solarcast #30023,2020-04-16 11:09:05+00:00
22156,Solarcast #30023,2020-04-16 12:29:12+00:00
22163,Solarcast #30023,2020-04-16 13:54:36+00:00
22164,Solarcast #30023,2020-04-16 15:06:51+00:00
22165,Solarcast #30023,2020-04-16 16:20:11+00:00
22166,Solarcast #30023,2020-04-16 17:47:47+00:00
22167,Solarcast #30023,2020-04-16 19:08:30+00:00
22168,Solarcast #30023,2020-04-16 20:05:08+00:00
22169,Solarcast #30023,2020-04-16 21:20:08+00:00
22222,Solarcast #30023,2020-04-17 10:49:08+00:00
22223,Solarcast #30023,2020-04-17 11:08:55+00:00
22224,Solarcast #30023,2020-04-17 12:23:11+00:00
22225,Solarcast #30023,2020-04-17 13:45:51+00:00
22226,Solarcast #30023,2020-04-17 15:00:52+00:00
22227,Solarcast #30023,2020-04-17 16:13:46+00:00
22228,Solarcast #30023,2020-04-17 17:21:35+00:00
22229,Solarcast #30023,2020-04-17 18:34:56+00:00
22230,Solarcast #30023,2020-04-17 19:43:11+00:00
22231,Solarcast #30023,2020-04-17 20:53:46+00:00
22234,Solarcast #30023,2020-04-17 22:03:45+00:00
22565,Solarcast #30024,2020-04-01 04:11:01+00:00
22566,Solarcast #30024,2020-04-01 06:39:43+00:00
22572,Solarcast #30024,2020-04-01 12:39:47+00:00
22588,Solarcast #30024,2020-04-01 20:57:31+00:00
22809,Solarcast #30024,2020-04-07 15:59:19+00:00
22816,Solarcast #30024,2020-04-07 19:36:55+00:00
22826,Solarcast #30024,2020-04-08 01:27:57+00:00
22837,Solarcast #30024,2020-04-08 09:34:49+00:00
23148,Solarcast #30024,2020-04-15 12:51:25+00:00
23157,Solarcast #30024,2020-04-15 22:36:25+00:00
23162,Solarcast #30024,2020-04-16 00:39:33+00:00
23507,Solarcast #30025,2020-04-06 17:44:44+00:00
23544,Solarcast #30025,2020-04-07 07:14:44+00:00
23545,Solarcast #30025,2020-04-07 15:59:56+00:00
23548,Solarcast #30025,2020-04-07 16:59:44+00:00
23741,Solarcast #30025,2020-04-12 21:02:22+00:00
23747,Solarcast #30025,2020-04-12 23:32:22+00:00
23874,Solarcast #30025,2020-04-20 03:24:01+00:00
23875,Solarcast #30025,2020-04-20 04:34:01+00:00
23897,Solarcast #30026,2020-04-01 09:13:13+00:00
23898,Solarcast #30026,2020-04-01 10:26:17+00:00
23899,Solarcast #30026,2020-04-01 11:44:41+00:00
23904,Solarcast #30026,2020-04-01 22:04:37+00:00
23905,Solarcast #30026,2020-04-01 23:30:02+00:00
23906,Solarcast #30026,2020-04-01 23:30:03+00:00
23907,Solarcast #30026,2020-04-02 00:00:53+00:00
23908,Solarcast #30026,2020-04-02 02:26:27+00:00
23909,Solarcast #30026,2020-04-02 02:32:17+00:00
23911,Solarcast #30026,2020-04-02 05:52:23+00:00
23913,Solarcast #30026,2020-04-02 07:12:35+00:00
23934,Solarcast #30026,2020-04-02 20:27:55+00:00
23947,Solarcast #30026,2020-04-03 07:18:19+00:00
23956,Solarcast #30026,2020-04-03 11:39:47+00:00
23957,Solarcast #30026,2020-04-03 16:39:42+00:00
23970,Solarcast #30026,2020-04-03 21:16:45+00:00
23972,Solarcast #30026,2020-04-03 22:42:30+00:00
23976,Solarcast #30026,2020-04-04 01:43:19+00:00
23977,Solarcast #30026,2020-04-04 08:58:37+00:00
23978,Solarcast #30026,2020-04-04 09:50:15+00:00
23985,Solarcast #30026,2020-04-04 15:09:49+00:00
23986,Solarcast #30026,2020-04-04 18:44:47+00:00
23987,Solarcast #30026,2020-04-04 18:44:48+00:00
23988,Solarcast #30026,2020-04-04 18:58:42+00:00
24006,Solarcast #30026,2020-04-05 13:09:39+00:00
24014,Solarcast #30026,2020-04-06 06:24:45+00:00
24020,Solarcast #30026,2020-04-06 11:19:43+00:00
24023,Solarcast #30026,2020-04-06 14:42:33+00:00
24049,Solarcast #30026,2020-04-07 14:13:34+00:00
24051,Solarcast #30026,2020-04-07 16:33:59+00:00
24063,Solarcast #30026,2020-04-08 07:21:50+00:00
24084,Solarcast #30026,2020-04-08 13:36:10+00:00
24086,Solarcast #30026,2020-04-08 14:31:40+00:00
24092,Solarcast #30026,2020-04-08 23:41:04+00:00
24098,Solarcast #30026,2020-04-09 01:21:49+00:00
24102,Solarcast #30026,2020-04-09 04:06:07+00:00
24110,Solarcast #30026,2020-04-09 09:09:38+00:00
24112,Solarcast #30026,2020-04-09 13:49:49+00:00
24113,Solarcast #30026,2020-04-09 14:19:38+00:00
24148,Solarcast #30026,2020-04-10 08:39:40+00:00
24149,Solarcast #30026,2020-04-10 09:54:37+00:00
24155,Solarcast #30026,2020-04-10 16:11:04+00:00
24163,Solarcast #30026,2020-04-11 01:20:32+00:00
24188,Solarcast #30026,2020-04-11 11:05:16+00:00
24189,Solarcast #30026,2020-04-11 12:20:24+00:00
24190,Solarcast #30026,2020-04-11 13:35:28+00:00
24191,Solarcast #30026,2020-04-11 14:50:16+00:00
24192,Solarcast #30026,2020-04-11 16:05:24+00:00
24193,Solarcast #30026,2020-04-11 17:20:25+00:00
24194,Solarcast #30026,2020-04-11 18:35:16+00:00
24196,Solarcast #30026,2020-04-11 19:35:16+00:00
24204,Solarcast #30026,2020-04-11 22:11:47+00:00
24237,Solarcast #30026,2020-04-12 16:37:57+00:00
24238,Solarcast #30026,2020-04-12 16:37:58+00:00
24243,Solarcast #30026,2020-04-13 14:43:11+00:00
24244,Solarcast #30026,2020-04-13 16:05:50+00:00
24245,Solarcast #30026,2020-04-13 17:41:47+00:00
24259,Solarcast #30026,2020-04-14 04:01:06+00:00
24266,Solarcast #30026,2020-04-14 10:09:25+00:00
24267,Solarcast #30026,2020-04-14 11:24:35+00:00
24268,Solarcast #30026,2020-04-14 16:28:11+00:00
24269,Solarcast #30026,2020-04-14 18:27:08+00:00
24271,Solarcast #30026,2020-04-14 22:38:55+00:00
24272,Solarcast #30026,2020-04-15 00:42:15+00:00
24277,Solarcast #30026,2020-04-15 01:57:13+00:00
24302,Solarcast #30026,2020-04-15 10:44:49+00:00
24303,Solarcast #30026,2020-04-15 10:44:50+00:00
24304,Solarcast #30026,2020-04-15 11:45:38+00:00
24305,Solarcast #30026,2020-04-15 11:51:44+00:00
24306,Solarcast #30026,2020-04-15 13:09:00+00:00
24307,Solarcast #30026,2020-04-15 14:27:13+00:00
24323,Solarcast #30026,2020-04-15 22:51:42+00:00
24342,Solarcast #30026,2020-04-16 05:39:40+00:00
24360,Solarcast #30026,2020-04-16 11:29:24+00:00
24367,Solarcast #30026,2020-04-16 15:01:42+00:00
24444,Solarcast #30026,2020-04-18 23:14:24+00:00
24456,Solarcast #30026,2020-04-19 04:24:22+00:00
24471,Solarcast #30026,2020-04-19 09:09:02+00:00
24481,Solarcast #30026,2020-04-19 12:38:44+00:00
24483,Solarcast #30026,2020-04-19 17:31:06+00:00
24484,Solarcast #30026,2020-04-20 01:43:12+00:00
24486,Solarcast #30026,2020-04-20 05:44:22+00:00
37432,Solarcast #33001,2020-04-01 01:35:44+00:00
37440,Solarcast #33001,2020-04-01 03:21:41+00:00
37447,Solarcast #33001,2020-04-01 05:12:57+00:00
37448,Solarcast #33001,2020-04-01 05:57:43+00:00
37463,Solarcast #33001,2020-04-01 09:17:38+00:00
37469,Solarcast #33001,2020-04-01 10:42:22+00:00
37480,Solarcast #33001,2020-04-01 12:59:41+00:00
37486,Solarcast #33001,2020-04-01 14:21:41+00:00
37496,Solarcast #33001,2020-04-01 16:32:23+00:00
37861,Solarcast #33001,2020-04-06 07:40:31+00:00
37867,Solarcast #33001,2020-04-06 08:56:49+00:00
37874,Solarcast #33001,2020-04-06 10:27:27+00:00
37879,Solarcast #33001,2020-04-06 11:28:20+00:00
37883,Solarcast #33001,2020-04-06 13:14:30+00:00
37889,Solarcast #33001,2020-04-06 15:44:30+00:00
37890,Solarcast #33001,2020-04-06 16:59:30+00:00
37891,Solarcast #33001,2020-04-06 18:14:29+00:00
37896,Solarcast #33001,2020-04-06 19:05:54+00:00
37903,Solarcast #33001,2020-04-06 20:31:21+00:00
37911,Solarcast #33001,2020-04-06 22:28:41+00:00
37919,Solarcast #33001,2020-04-07 00:05:37+00:00
37927,Solarcast #33001,2020-04-07 01:51:50+00:00
37933,Solarcast #33001,2020-04-07 03:04:18+00:00
37935,Solarcast #33001,2020-04-07 04:29:28+00:00
37946,Solarcast #33001,2020-04-07 06:51:50+00:00
37954,Solarcast #33001,2020-04-07 08:29:34+00:00
37958,Solarcast #33001,2020-04-07 10:20:06+00:00
37960,Solarcast #33001,2020-04-07 12:06:15+00:00
37965,Solarcast #33001,2020-04-07 13:34:55+00:00
37966,Solarcast #33001,2020-04-07 15:27:07+00:00
37977,Solarcast #33001,2020-04-07 19:29:31+00:00
37978,Solarcast #33001,2020-04-07 20:21:49+00:00
37984,Solarcast #33001,2020-04-07 23:59:24+00:00
37985,Solarcast #33001,2020-04-08 01:14:32+00:00
37986,Solarcast #33001,2020-04-08 02:29:32+00:00
37987,Solarcast #33001,2020-04-08 03:44:32+00:00
38189,Solarcast #33001,2020-04-10 11:41:53+00:00
38190,Solarcast #33001,2020-04-10 11:59:21+00:00
38191,Solarcast #33001,2020-04-10 13:14:21+00:00
38192,Solarcast #33001,2020-04-10 14:29:21+00:00
38203,Solarcast #33001,2020-04-10 18:14:20+00:00
38204,Solarcast #33001,2020-04-10 19:29:20+00:00
38222,Solarcast #33001,2020-04-10 23:38:10+00:00
38226,Solarcast #33001,2020-04-11 00:37:35+00:00
38227,Solarcast #33001,2020-04-11 01:29:19+00:00
38228,Solarcast #33001,2020-04-11 02:44:19+00:00
38244,Solarcast #33001,2020-04-11 07:44:18+00:00
38258,Solarcast #33001,2020-04-11 10:45:08+00:00
38265,Solarcast #33001,2020-04-11 12:17:15+00:00
38271,Solarcast #33001,2020-04-11 13:31:07+00:00
38273,Solarcast #33001,2020-04-11 14:59:16+00:00
38274,Solarcast #33001,2020-04-11 16:14:16+00:00
38305,Solarcast #33001,2020-04-12 00:44:15+00:00
38306,Solarcast #33001,2020-04-12 01:59:14+00:00
38312,Solarcast #33001,2020-04-12 04:29:14+00:00
38318,Solarcast #33001,2020-04-12 06:59:13+00:00
38398,Solarcast #33001,2020-04-13 15:11:52+00:00
38404,Solarcast #33001,2020-04-13 16:32:11+00:00
38405,Solarcast #33001,2020-04-13 17:19:28+00:00
38406,Solarcast #33001,2020-04-13 18:34:26+00:00
38410,Solarcast #33001,2020-04-13 19:10:55+00:00
38417,Solarcast #33001,2020-04-13 20:34:24+00:00
38424,Solarcast #33001,2020-04-13 22:02:15+00:00
38431,Solarcast #33001,2020-04-13 23:21:55+00:00
38439,Solarcast #33001,2020-04-14 01:10:13+00:00
38446,Solarcast #33001,2020-04-14 02:41:51+00:00
38453,Solarcast #33001,2020-04-14 04:13:35+00:00
38461,Solarcast #33001,2020-04-14 05:51:46+00:00
38468,Solarcast #33001,2020-04-14 07:28:42+00:00
38469,Solarcast #33001,2020-04-14 08:18:37+00:00
38470,Solarcast #33001,2020-04-14 09:39:42+00:00
38471,Solarcast #33001,2020-04-14 10:57:00+00:00
38472,Solarcast #33001,2020-04-14 12:07:00+00:00
38473,Solarcast #33001,2020-04-14 13:29:16+00:00
38474,Solarcast #33001,2020-04-14 14:45:53+00:00
38475,Solarcast #33001,2020-04-14 16:00:53+00:00
38476,Solarcast #33001,2020-04-14 17:15:53+00:00
38477,Solarcast #33001,2020-04-14 18:38:51+00:00
38480,Solarcast #33001,2020-04-14 19:21:25+00:00
38920,Solarcast #33001,2020-04-19 08:38:45+00:00
38923,Solarcast #33001,2020-04-19 09:42:35+00:00
43637,Solarcast #33003,2020-04-11 19:21:44+00:00
43638,Solarcast #33003,2020-04-11 19:42:13+00:00
43639,Solarcast #33003,2020-04-11 20:22:09+00:00
43640,Solarcast #33003,2020-04-11 21:32:09+00:00
43655,Solarcast #33003,2020-04-12 01:02:08+00:00
43657,Solarcast #33003,2020-04-12 01:32:08+00:00
43663,Solarcast #33003,2020-04-12 02:21:44+00:00
43671,Solarcast #33003,2020-04-12 03:26:57+00:00
43678,Solarcast #33003,2020-04-12 04:27:57+00:00
43683,Solarcast #33003,2020-04-12 05:24:47+00:00
43684,Solarcast #33003,2020-04-12 06:00:15+00:00
43685,Solarcast #33003,2020-04-12 06:12:10+00:00
43686,Solarcast #33003,2020-04-12 07:22:10+00:00
43687,Solarcast #33003,2020-04-12 08:32:07+00:00
43688,Solarcast #33003,2020-04-12 09:42:06+00:00
43689,Solarcast #33003,2020-04-12 10:52:09+00:00
43690,Solarcast #33003,2020-04-12 12:02:06+00:00
44359,Solarcast #33003,2020-04-17 23:04:06+00:00
44361,Solarcast #33003,2020-04-17 23:38:24+00:00
44362,Solarcast #33003,2020-04-18 00:24:54+00:00
44364,Solarcast #33003,2020-04-18 01:34:55+00:00
44367,Solarcast #33003,2020-04-18 01:46:49+00:00
44375,Solarcast #33003,2020-04-18 02:54:20+00:00
44381,Solarcast #33003,2020-04-18 03:49:05+00:00
44389,Solarcast #33003,2020-04-18 04:59:46+00:00
44398,Solarcast #33003,2020-04-18 06:17:11+00:00
44407,Solarcast #33003,2020-04-18 07:34:07+00:00
44414,Solarcast #33003,2020-04-18 08:43:01+00:00
44423,Solarcast #33003,2020-04-18 09:44:21+00:00
44431,Solarcast #33003,2020-04-18 10:58:13+00:00
44432,Solarcast #33003,2020-04-18 11:39:23+00:00
44433,Solarcast #33003,2020-04-18 12:04:21+00:00
44434,Solarcast #33003,2020-04-18 13:14:15+00:00
44437,Solarcast #33003,2020-04-18 13:45:54+00:00
44441,Solarcast #33003,2020-04-18 14:18:50+00:00
44449,Solarcast #33003,2020-04-18 15:25:52+00:00
44456,Solarcast #33003,2020-04-18 16:24:24+00:00
44464,Solarcast #33003,2020-04-18 17:42:14+00:00
44473,Solarcast #33003,2020-04-18 18:57:14+00:00
44482,Solarcast #33003,2020-04-18 20:16:45+00:00
44489,Solarcast #33003,2020-04-18 21:22:14+00:00
45030,Solarcast #33008,2020-04-02 14:10:44+00:00
45031,Solarcast #33008,2020-04-02 14:40:43+00:00
45046,Solarcast #33008,2020-04-02 16:48:07+00:00
45055,Solarcast #33008,2020-04-02 18:03:36+00:00
45057,Solarcast #33008,2020-04-02 18:23:10+00:00
45058,Solarcast #33008,2020-04-02 19:20:42+00:00
45080,Solarcast #33008,2020-04-03 00:00:41+00:00
48555,Solarcast #33009,2020-04-09 19:52:01+00:00
48565,Solarcast #33009,2020-04-09 21:19:22+00:00
48571,Solarcast #33009,2020-04-09 22:15:52+00:00
48580,Solarcast #33009,2020-04-09 23:30:50+00:00
48588,Solarcast #33009,2020-04-10 00:42:03+00:00
48596,Solarcast #33009,2020-04-10 01:56:46+00:00
48601,Solarcast #33009,2020-04-10 02:29:20+00:00
48652,Solarcast #33009,2020-04-10 10:39:18+00:00
48659,Solarcast #33009,2020-04-10 11:45:07+00:00
48669,Solarcast #33009,2020-04-10 13:12:13+00:00
48673,Solarcast #33009,2020-04-10 13:49:33+00:00
48674,Solarcast #33009,2020-04-10 14:49:03+00:00
48704,Solarcast #33009,2020-04-10 19:59:06+00:00
48706,Solarcast #33009,2020-04-10 20:08:15+00:00
48713,Solarcast #33009,2020-04-10 21:01:03+00:00
48720,Solarcast #33009,2020-04-10 22:06:50+00:00
48729,Solarcast #33009,2020-04-10 23:20:33+00:00
48738,Solarcast #33009,2020-04-11 00:35:36+00:00
48747,Solarcast #33009,2020-04-11 01:51:50+00:00
48750,Solarcast #33009,2020-04-11 02:13:52+00:00
48763,Solarcast #33009,2020-04-11 05:19:05+00:00
48764,Solarcast #33009,2020-04-11 06:29:05+00:00
48773,Solarcast #33009,2020-04-11 08:09:00+00:00
48776,Solarcast #33009,2020-04-11 08:25:08+00:00
48784,Solarcast #33009,2020-04-11 09:35:08+00:00
48791,Solarcast #33009,2020-04-11 10:38:07+00:00
48801,Solarcast #33009,2020-04-11 12:04:39+00:00
48810,Solarcast #33009,2020-04-11 13:26:47+00:00
48830,Solarcast #33009,2020-04-11 17:28:58+00:00
48831,Solarcast #33009,2020-04-11 18:39:02+00:00
49021,Solarcast #33009,2020-04-13 03:14:28+00:00
49022,Solarcast #33009,2020-04-13 03:14:57+00:00
49380,Solarcast #33009,2020-04-15 21:23:55+00:00
49382,Solarcast #33009,2020-04-15 21:39:37+00:00
49517,Solarcast #33009,2020-04-16 20:40:33+00:00
49522,Solarcast #33009,2020-04-16 21:24:33+00:00
49530,Solarcast #33009,2020-04-16 22:34:34+00:00
49535,Solarcast #33009,2020-04-16 23:29:48+00:00
49536,Solarcast #33009,2020-04-16 23:53:24+00:00
49537,Solarcast #33009,2020-04-17 00:23:10+00:00
49538,Solarcast #33009,2020-04-17 01:33:11+00:00
49539,Solarcast #33009,2020-04-17 02:43:11+00:00
49540,Solarcast #33009,2020-04-17 03:49:16+00:00
49541,Solarcast #33009,2020-04-17 05:03:11+00:00
49542,Solarcast #33009,2020-04-17 06:13:11+00:00
49543,Solarcast #33009,2020-04-17 07:23:11+00:00
49546,Solarcast #33009,2020-04-17 08:33:12+00:00
49549,Solarcast #33009,2020-04-17 08:50:38+00:00
